region,date,lead_day,rainfall_forecast,rainfall_actual
Coastal Andhra,2026-06-01,1,42,40
Coastal Andhra,2026-06-01,2,48,45
Coastal Andhra,2026-06-01,3,55,51
Coastal Andhra,2026-06-01,4,72,54
Coastal Andhra,2026-06-01,5,91,48
Coastal Andhra,2026-06-01,6,110,52
Coastal Andhra,2026-06-01,7,125,60
Odisha,2026-06-01,1,35,37
Odisha,2026-06-01,2,48,45
Odisha,2026-06-01,3,65,58
Odisha,2026-06-01,4,90,62
Odisha,2026-06-01,5,120,65
Odisha,2026-06-01,6,135,70
Odisha,2026-06-01,7,150,72
Telangana,2026-06-01,1,20,21
Telangana,2026-06-01,2,25,24
Telangana,2026-06-01,3,32,30
Telangana,2026-06-01,4,40,36
Telangana,2026-06-01,5,55,38
Telangana,2026-06-01,6,70,42
Telangana,2026-06-01,7,85,45
Tamil Nadu,2026-06-01,1,30,28
Tamil Nadu,2026-06-01,2,38,35
Tamil Nadu,2026-06-01,3,45,40
Tamil Nadu,2026-06-01,4,55,48
Tamil Nadu,2026-06-01,5,70,52
Tamil Nadu,2026-06-01,6,88,55
Tamil Nadu,2026-06-01,7,105,60
Rajasthan,2026-06-01,1,10,11
Rajasthan,2026-06-01,2,12,13
Rajasthan,2026-06-01,3,15,14
Rajasthan,2026-06-01,4,18,17
Rajasthan,2026-06-01,5,22,20
Rajasthan,2026-06-01,6,28,23
Rajasthan,2026-06-01,7,35,25