region,date,lead_day,rainfall_forecast,rainfall_actual,rainfall_error,bust,bust_label
Coastal Andhra,2026-06-01,1,42,40,2,0,Normal
Coastal Andhra,2026-06-01,2,48,45,3,0,Normal
Coastal Andhra,2026-06-01,3,55,51,4,0,Normal
Coastal Andhra,2026-06-01,4,72,54,18,0,Normal
Coastal Andhra,2026-06-01,5,91,48,43,1,Bust
Coastal Andhra,2026-06-01,6,110,52,58,1,Bust
Coastal Andhra,2026-06-01,7,125,60,65,1,Bust
Odisha,2026-06-01,1,35,37,2,0,Normal
Odisha,2026-06-01,2,48,45,3,0,Normal
Odisha,2026-06-01,3,65,58,7,0,Normal
Odisha,2026-06-01,4,90,62,28,0,Normal
Odisha,2026-06-01,5,120,65,55,1,Bust
Odisha,2026-06-01,6,135,70,65,1,Bust
Odisha,2026-06-01,7,150,72,78,1,Bust
Telangana,2026-06-01,1,20,21,1,0,Normal
Telangana,2026-06-01,2,25,24,1,0,Normal
Telangana,2026-06-01,3,32,30,2,0,Normal
Telangana,2026-06-01,4,40,36,4,0,Normal
Telangana,2026-06-01,5,55,38,17,0,Normal
Telangana,2026-06-01,6,70,42,28,0,Normal
Telangana,2026-06-01,7,85,45,40,1,Bust
Tamil Nadu,2026-06-01,1,30,28,2,0,Normal
Tamil Nadu,2026-06-01,2,38,35,3,0,Normal
Tamil Nadu,2026-06-01,3,45,40,5,0,Normal
Tamil Nadu,2026-06-01,4,55,48,7,0,Normal
Tamil Nadu,2026-06-01,5,70,52,18,0,Normal
Tamil Nadu,2026-06-01,6,88,55,33,1,Bust
Tamil Nadu,2026-06-01,7,105,60,45,1,Bust
Rajasthan,2026-06-01,1,10,11,1,0,Normal
Rajasthan,2026-06-01,2,12,13,1,0,Normal
Rajasthan,2026-06-01,3,15,14,1,0,Normal
Rajasthan,2026-06-01,4,18,17,1,0,Normal
Rajasthan,2026-06-01,5,22,20,2,0,Normal
Rajasthan,2026-06-01,6,28,23,5,0,Normal
Rajasthan,2026-06-01,7,35,25,10,0,Normal
